id;date_iso8601;employee_id;partner_id;amount_cents;status
2245bf6e-8e12-4037-8e3d-0187de710705;2026-07-01T11:19:00Z;c897ca07-7f46-4405-88a0-00336b919d3c;9f185016-9b0f-42fb-8799-0e1a56292160;605;VALIDER
1abca371-44b1-42df-82e6-713f0791ab8c;2026-07-01T13:27:00Z;526f0ed0-5e40-417d-8373-52c122dff0d1;9f185016-9b0f-42fb-8799-0e1a56292160;560;VALIDER
ab742c45-38d7-4db5-8b70-888e6f06ded4;2026-07-01T14:21:00Z;54a3044b-fb62-42ce-80b9-06f8f57f5151;a0f9dfc0-b6d4-4001-8880-c12c01b44f24;1167;VALIDER
761ca535-5f00-4746-8ed0-14ecf294778c;2026-07-01T18:30:00Z;852d8903-b0ce-4f80-85f4-e17cf956c5ee;f9c4933b-3c5b-438b-89ba-78c036444f5a;680;VALIDER
d1346a27-cd56-4c1d-8779-acc211a5f84c;2026-07-01T18:40:00Z;ecbd4a71-e581-4211-8924-b464e40a85d9;f9c4933b-3c5b-438b-89ba-78c036444f5a;412;VALIDER
9c39cba8-a2bd-4e39-8748-9a3037d00cba;2026-07-01T19:03:00Z;62e04693-6aa0-4b72-822a-7ca5cdb16a4f;bc3b1f92-e73a-4294-8733-ee64860cdfd4;835;VALIDER
0435d6ec-3728-403b-8994-dd87601d413c;2026-07-01T19:17:00Z;dbb36840-1f39-456e-8b44-be5c01126db0;78f70c80-7c44-4034-8d10-e9e8013b4a78;657;VALIDER
d29a5e02-2375-4aa5-8d77-5fbec6fb6236;2026-07-02T09:11:00Z;22d249e1-d4c5-462f-8815-8423f0198488;a0f9dfc0-b6d4-4001-8880-c12c01b44f24;398;VALIDER
135964ab-c3aa-48be-88f5-2a7ab771d90a;2026-07-02T09:37:00Z;12d3060d-404f-4f55-8296-33f387320443;9f185016-9b0f-42fb-8799-0e1a56292160;1086;VALIDER
3db6e0ff-f35e-4304-8cea-e2d8805c2b05;2026-07-02T15:29:00Z;722d9d44-1942-47a9-8173-763f48489098;a0f9dfc0-b6d4-4001-8880-c12c01b44f24;988;VALIDER
4989da6e-d615-4077-8906-e42fbbb21917;2026-07-02T17:44:00Z;a875cc55-7519-4b97-81c3-c44676e7b80a;9f185016-9b0f-42fb-8799-0e1a56292160;405;VALIDER
1957044f-848e-4f0d-876e-02e5c73c95b8;2026-07-02T18:25:00Z;f696d408-0e2f-44c9-87ae-d27e165093dd;a0f9dfc0-b6d4-4001-8880-c12c01b44f24;814;VALIDER
632dbad9-7e32-46ed-8ac8-8e9de92a8e55;2026-07-03T13:14:00Z;6dbab537-e9e8-4564-805e-1f30c24d581c;f9c4933b-3c5b-438b-89ba-78c036444f5a;695;VALIDER
bef5eeb4-b9f4-408f-8b98-167e42370a19;2026-07-03T15:17:00Z;7b882ac9-cc94-49d6-8c89-eb4966115827;3fb0ec1e-db84-4c11-8eb0-10e6a57bc822;1155;VALIDER
213b814c-61d5-41b6-8fb3-4b724af07bca;2026-07-03T16:16:00Z;2976b73b-752c-4e5f-8c0a-26d08cc05680;78f70c80-7c44-4034-8d10-e9e8013b4a78;729;VALIDER
6dbe0fb4-0ae5-4bec-8950-c15e90e65964;2026-07-03T16:59:00Z;c332d766-9dd7-4662-8a6c-ca5ee2359a2b;f9c4933b-3c5b-438b-89ba-78c036444f5a;556;VALIDER
f224abcc-ca65-40d5-82c2-71d71b2055ef;2026-07-03T17:03:00Z;897b13d6-22f6-4809-8a8f-b999f6a70672;9f185016-9b0f-42fb-8799-0e1a56292160;477;VALIDER
2c8174ed-a774-4a1c-8c79-99fc7d8bc6e1;2026-07-03T19:11:00Z;d5ca01de-46f7-40ec-8ece-9a6e08c4c0f1;78f70c80-7c44-4034-8d10-e9e8013b4a78;530;VALIDER
724a86f3-ff58-4f6d-8ab6-256cf479adbc;2026-07-04T10:08:00Z;f064dbd1-1621-4e18-89d8-2d9b9e636b35;a0f9dfc0-b6d4-4001-8880-c12c01b44f24;338;VALIDER
0c598d78-24f4-4271-850a-76792f859455;2026-07-04T10:26:00Z;07146336-5ce8-46eb-8580-f9b9b4f7d492;3fb0ec1e-db84-4c11-8eb0-10e6a57bc822;432;VALIDER
2601010a-5eac-49b5-8ea4-db4e68afcd1d;2026-07-04T12:58:00Z;9c1d359a-0166-4c88-8efc-b09649d5a9e2;3fb0ec1e-db84-4c11-8eb0-10e6a57bc822;461;VALIDER
8dfe387c-ede7-40b8-8988-3d787891da52;2026-07-04T14:12:00Z;40cd92fc-9175-45fa-87fd-59d924255711;78f70c80-7c44-4034-8d10-e9e8013b4a78;846;VALIDER
d4136004-6912-4692-8f27-c182e1cdaa49;2026-07-04T14:42:00Z;0b7e2721-4f2a-49d0-8b89-6bd8f4cea7e1;a0f9dfc0-b6d4-4001-8880-c12c01b44f24;324;VALIDER
26ea9695-5084-4fe2-8f69-32f2dcb95762;2026-07-04T15:21:00Z;ee91dddb-2219-4f9b-8689-f382acadddda;bc3b1f92-e73a-4294-8733-ee64860cdfd4;1052;VALIDER
221774a1-494a-471a-8a9d-eff31f9b2467;2026-07-04T16:34:00Z;92084959-5c07-4059-8e65-889505b06101;a0f9dfc0-b6d4-4001-8880-c12c01b44f24;628;VALIDER
3621446f-b404-4749-87fd-e8c9c33123f3;2026-07-04T16:50:00Z;f9afc139-427d-4387-8138-30f3ba2fba4c;9f185016-9b0f-42fb-8799-0e1a56292160;388;VALIDER
885f322a-9a69-4e5d-80dc-fa576f3251a3;2026-07-04T17:52:00Z;7b247f5a-cbb2-4c3f-8af3-34f6c651c412;bc3b1f92-e73a-4294-8733-ee64860cdfd4;511;VALIDER
bc87e930-4187-4599-852f-05b705391678;2026-07-04T17:55:00Z;25aab829-38ad-420f-88f0-d2d5f0f0aa2a;bc3b1f92-e73a-4294-8733-ee64860cdfd4;496;VALIDER
0e2ab491-4368-4fd9-82fd-932488341875;2026-07-04T17:56:00Z;238f61c8-a132-4665-8c95-a861fb983a9e;bc3b1f92-e73a-4294-8733-ee64860cdfd4;619;VALIDER
5fa0af97-fd0f-4176-81f6-715f532e1a8a;2026-07-05T12:44:00Z;d84aafc8-bbdd-4a10-8587-87b8ac5776e3;a0f9dfc0-b6d4-4001-8880-c12c01b44f24;788;VALIDER
3dad835e-35e7-4452-8365-f51efb6f1724;2026-07-05T16:12:00Z;6ef70d1c-6f93-4b56-8600-f044dd96b61d;9f185016-9b0f-42fb-8799-0e1a56292160;834;VALIDER
d154e346-e9e7-483c-83c2-c42a8fd60062;2026-07-05T19:03:00Z;75994ca6-3e71-48bc-8c65-bbfae8f0f33e;f9c4933b-3c5b-438b-89ba-78c036444f5a;1157;VALIDER
684c44a9-cfd9-4b09-8b35-a9f306e12e24;2026-07-05T19:28:00Z;b4025d1a-d63b-4b16-8b56-9626ffba8ef5;a0f9dfc0-b6d4-4001-8880-c12c01b44f24;779;VALIDER
2cd7c86c-c3a4-4542-8c7c-7bf7202b6641;2026-07-06T12:00:00Z;151be322-2670-4624-8044-596f87a9c626;9f185016-9b0f-42fb-8799-0e1a56292160;421;VALIDER
6d84cc5c-c326-45bc-8d71-06f3da13110a;2026-07-06T12:30:00Z;fbec9532-ea07-4e23-8424-9d2dc6b864b4;3fb0ec1e-db84-4c11-8eb0-10e6a57bc822;854;VALIDER
bafd038c-10a1-4efd-86ed-3c30e57aa2db;2026-07-06T12:41:00Z;ec98de3f-8f87-4e1e-8b74-e1dccf94d250;3fb0ec1e-db84-4c11-8eb0-10e6a57bc822;1091;VALIDER
400b01cd-eb1f-4edc-8b2c-af5d0fad27ac;2026-07-06T13:27:00Z;15f46dae-450a-4bb3-8f79-e28d68e1d793;f9c4933b-3c5b-438b-89ba-78c036444f5a;612;VALIDER
260ecfec-b7aa-4311-84fc-e255577a27e6;2026-07-06T13:34:00Z;1d44999f-b309-4596-8ece-677d7c8b6913;78f70c80-7c44-4034-8d10-e9e8013b4a78;879;VALIDER
0d803b9b-7e86-450d-8105-6488ae66c223;2026-07-06T13:37:00Z;fe5dcc86-1d77-43aa-8d4f-f989b5b55f96;9f185016-9b0f-42fb-8799-0e1a56292160;652;VALIDER
c9e359e8-33d7-4820-8066-39702e221931;2026-07-06T14:41:00Z;743619b4-3b44-4245-82c4-5b122f98f45e;bc3b1f92-e73a-4294-8733-ee64860cdfd4;590;VALIDER
268aa75d-8bca-4868-8d86-4ee030cb3bac;2026-07-06T15:30:00Z;967608a8-9a2b-41c2-8bae-74155e171d00;9f185016-9b0f-42fb-8799-0e1a56292160;1188;VALIDER
167f1e77-debd-46b8-8e73-fcd64ed44076;2026-07-06T16:53:00Z;f2aeb7f0-4041-4ecc-84f6-be9aa0d833ba;3fb0ec1e-db84-4c11-8eb0-10e6a57bc822;391;VALIDER
6a8c78a7-bea5-4b27-8ebe-3dc7a6354668;2026-07-06T19:17:00Z;31daca25-0199-4d32-8422-31b2b8478a18;bc3b1f92-e73a-4294-8733-ee64860cdfd4;425;VALIDER
957ca3f0-df38-4306-8523-b68a5421de61;2026-07-07T11:01:00Z;eeb9ee02-56af-4c42-8a19-359c6a77fc0e;f9c4933b-3c5b-438b-89ba-78c036444f5a;936;VALIDER
ebfc5d9f-7e75-413b-89f7-9ad98b4e24e7;2026-07-07T11:01:00Z;2ccac550-1fba-4662-832b-48cd4b8d054d;9f185016-9b0f-42fb-8799-0e1a56292160;455;VALIDER
b3d3f672-56ff-42ea-85a6-ab44e328bb4c;2026-07-07T11:49:00Z;8204e2b1-7f34-4709-8b91-112b706bf53b;9f185016-9b0f-42fb-8799-0e1a56292160;858;VALIDER
7f41b198-b02b-47bd-830b-ba77d34c51c7;2026-07-07T13:50:00Z;b2554ca6-f463-4143-8ab5-35955954d5bf;bc3b1f92-e73a-4294-8733-ee64860cdfd4;1088;VALIDER
6862e676-24df-491b-80f4-c2a42bc09936;2026-07-07T15:40:00Z;bc2e03ba-503a-4dc5-88c5-511d55d7872b;78f70c80-7c44-4034-8d10-e9e8013b4a78;619;VALIDER
3dd84ec8-b980-459a-8794-c20a688ec80b;2026-07-07T16:57:00Z;18de6742-abd0-47e2-8642-ade64963acac;f9c4933b-3c5b-438b-89ba-78c036444f5a;439;VALIDER
89e16e0c-2600-42fb-86a9-52966a65b764;2026-07-07T18:59:00Z;7e937fa6-fb24-4a47-88f5-20ed24a80d0e;9f185016-9b0f-42fb-8799-0e1a56292160;410;VALIDER
b0326ca2-c284-49f6-83b3-e0b94a3e7613;2026-07-15T12:04:00Z;15f46dae-450a-4bb3-8f79-e28d68e1d793;9f185016-9b0f-42fb-8799-0e1a56292160;1188;VALIDER
0cbea582-ea7b-4522-888c-3b6cb876f42e;2026-07-15T13:03:00Z;151be322-2670-4624-8044-596f87a9c626;a0f9dfc0-b6d4-4001-8880-c12c01b44f24;1094;VALIDER
7b8dbc37-6e39-489d-8623-e135e066f319;2026-07-15T14:25:00Z;f2aeb7f0-4041-4ecc-84f6-be9aa0d833ba;bc3b1f92-e73a-4294-8733-ee64860cdfd4;1183;VALIDER
4650f765-b565-495b-84c8-f991b46ee20f;2026-07-15T15:48:00Z;7b882ac9-cc94-49d6-8c89-eb4966115827;78f70c80-7c44-4034-8d10-e9e8013b4a78;722;VALIDER
b22ff5b7-937e-4daa-856e-0bc35f249428;2026-07-15T19:57:00Z;f9afc139-427d-4387-8138-30f3ba2fba4c;9f185016-9b0f-42fb-8799-0e1a56292160;388;VALIDER
08dcb85c-2ae2-49ca-8be7-c6e5b2e001c7;2026-07-16T10:01:00Z;967608a8-9a2b-41c2-8bae-74155e171d00;78f70c80-7c44-4034-8d10-e9e8013b4a78;1040;VALIDER
4ca52d7d-635d-473a-831a-1b9733f31569;2026-07-16T11:22:00Z;75994ca6-3e71-48bc-8c65-bbfae8f0f33e;9f185016-9b0f-42fb-8799-0e1a56292160;695;VALIDER
198088d6-f3bd-4f79-8a35-dc16a4d69c89;2026-07-16T12:24:00Z;31daca25-0199-4d32-8422-31b2b8478a18;f9c4933b-3c5b-438b-89ba-78c036444f5a;1038;VALIDER
de1075bc-9156-4bb0-8aef-bdda85b0ec35;2026-07-16T12:30:00Z;6ef70d1c-6f93-4b56-8600-f044dd96b61d;9f185016-9b0f-42fb-8799-0e1a56292160;834;VALIDER
ace5c2ea-99f8-4740-8dbb-db0d49b1769b;2026-07-16T13:33:00Z;a875cc55-7519-4b97-81c3-c44676e7b80a;9f185016-9b0f-42fb-8799-0e1a56292160;405;VALIDER
47095bed-dfbf-4712-863b-82eb8f5e9b58;2026-07-16T17:26:00Z;07146336-5ce8-46eb-8580-f9b9b4f7d492;78f70c80-7c44-4034-8d10-e9e8013b4a78;593;VALIDER
66f8b7ae-6421-40a2-8477-e512e42160ee;2026-07-16T17:35:00Z;22d249e1-d4c5-462f-8815-8423f0198488;bc3b1f92-e73a-4294-8733-ee64860cdfd4;1079;VALIDER
7201c1e8-ceee-4cf7-87b0-d2584a9a2c99;2026-07-16T17:59:00Z;fe5dcc86-1d77-43aa-8d4f-f989b5b55f96;a0f9dfc0-b6d4-4001-8880-c12c01b44f24;513;VALIDER
ea174a23-3268-4fe5-86d6-ea703e156b91;2026-07-16T19:17:00Z;1d44999f-b309-4596-8ece-677d7c8b6913;bc3b1f92-e73a-4294-8733-ee64860cdfd4;1199;VALIDER
b6ed7af8-0050-4c0b-83e5-599fb9ecc80f;2026-07-16T19:38:00Z;62e04693-6aa0-4b72-822a-7ca5cdb16a4f;9f185016-9b0f-42fb-8799-0e1a56292160;607;VALIDER
b833d4ea-adff-440e-8a9e-5c369ed1ada9;2026-07-17T09:19:00Z;8204e2b1-7f34-4709-8b91-112b706bf53b;78f70c80-7c44-4034-8d10-e9e8013b4a78;618;VALIDER
da478456-9cd0-411d-8fed-00b030bb6fc1;2026-07-17T13:34:00Z;9c1d359a-0166-4c88-8efc-b09649d5a9e2;9f185016-9b0f-42fb-8799-0e1a56292160;1153;VALIDER
023644fb-bcf6-47ba-84ad-3134d4f99824;2026-07-17T14:22:00Z;f696d408-0e2f-44c9-87ae-d27e165093dd;9f185016-9b0f-42fb-8799-0e1a56292160;1149;VALIDER
bf10c06e-b41a-459e-876f-43a6581e05bf;2026-07-17T16:32:00Z;2ccac550-1fba-4662-832b-48cd4b8d054d;3fb0ec1e-db84-4c11-8eb0-10e6a57bc822;345;VALIDER
f9811e01-a9b0-41aa-8fd7-19b58a7e4e5b;2026-07-17T16:47:00Z;40cd92fc-9175-45fa-87fd-59d924255711;bc3b1f92-e73a-4294-8733-ee64860cdfd4;303;VALIDER
d4f5463b-124e-4864-8fef-6cb5112a54be;2026-07-17T16:52:00Z;238f61c8-a132-4665-8c95-a861fb983a9e;f9c4933b-3c5b-438b-89ba-78c036444f5a;746;VALIDER
59a2a456-97ad-47db-8e09-64645af26826;2026-07-17T18:11:00Z;54a3044b-fb62-42ce-80b9-06f8f57f5151;a0f9dfc0-b6d4-4001-8880-c12c01b44f24;1167;VALIDER
6ba81266-e7cd-4ed5-8b6f-c69f68c93194;2026-07-18T09:29:00Z;0b7e2721-4f2a-49d0-8b89-6bd8f4cea7e1;a0f9dfc0-b6d4-4001-8880-c12c01b44f24;1035;VALIDER
a4846e65-2d30-4673-854c-bd51353cfc10;2026-07-18T10:35:00Z;25aab829-38ad-420f-88f0-d2d5f0f0aa2a;bc3b1f92-e73a-4294-8733-ee64860cdfd4;496;VALIDER
0a722b66-5c0b-4470-8546-02802d318095;2026-07-18T12:18:00Z;eeb9ee02-56af-4c42-8a19-359c6a77fc0e;f9c4933b-3c5b-438b-89ba-78c036444f5a;328;VALIDER
98dd8c28-4ffe-4693-80c0-c80bdbd888fe;2026-07-18T16:52:00Z;852d8903-b0ce-4f80-85f4-e17cf956c5ee;3fb0ec1e-db84-4c11-8eb0-10e6a57bc822;673;VALIDER
143f3e46-fff7-426c-8416-f06844ca6882;2026-07-18T18:58:00Z;6dbab537-e9e8-4564-805e-1f30c24d581c;9f185016-9b0f-42fb-8799-0e1a56292160;1098;VALIDER
cdfe8c82-21d3-47df-8b03-948dc3cc9326;2026-07-19T11:20:00Z;ec98de3f-8f87-4e1e-8b74-e1dccf94d250;3fb0ec1e-db84-4c11-8eb0-10e6a57bc822;598;VALIDER
683414b4-cef2-4ecf-8d05-86c2ff740308;2026-07-19T12:20:00Z;743619b4-3b44-4245-82c4-5b122f98f45e;78f70c80-7c44-4034-8d10-e9e8013b4a78;1193;VALIDER
c5433712-2855-412c-8fae-733634e929e6;2026-07-19T15:21:00Z;fbec9532-ea07-4e23-8424-9d2dc6b864b4;bc3b1f92-e73a-4294-8733-ee64860cdfd4;496;VALIDER
974116f1-b5e4-4d0f-830c-20429b45c973;2026-07-19T15:42:00Z;ee91dddb-2219-4f9b-8689-f382acadddda;a0f9dfc0-b6d4-4001-8880-c12c01b44f24;1026;VALIDER
6d5ca2e3-1f87-4628-8e7d-fda1400665f0;2026-07-20T10:05:00Z;c332d766-9dd7-4662-8a6c-ca5ee2359a2b;bc3b1f92-e73a-4294-8733-ee64860cdfd4;549;VALIDER
d4bdfdae-e325-44d3-8b09-5840054dff94;2026-07-20T10:14:00Z;18de6742-abd0-47e2-8642-ade64963acac;f9c4933b-3c5b-438b-89ba-78c036444f5a;1033;VALIDER
fb14152c-9ec2-4244-891c-41b78ec6d11c;2026-07-20T12:22:00Z;2976b73b-752c-4e5f-8c0a-26d08cc05680;78f70c80-7c44-4034-8d10-e9e8013b4a78;729;VALIDER
2dd50d25-7548-4501-8f97-dc07596ad6f7;2026-07-20T13:07:00Z;b2554ca6-f463-4143-8ab5-35955954d5bf;bc3b1f92-e73a-4294-8733-ee64860cdfd4;660;VALIDER
707d7bc6-6a62-424a-8a3a-c7b37a21bbc3;2026-07-20T14:14:00Z;bc2e03ba-503a-4dc5-88c5-511d55d7872b;78f70c80-7c44-4034-8d10-e9e8013b4a78;852;VALIDER
87011397-a341-464a-8f2d-9c3ae61039f6;2026-07-20T14:53:00Z;c897ca07-7f46-4405-88a0-00336b919d3c;a0f9dfc0-b6d4-4001-8880-c12c01b44f24;1040;VALIDER
958812a7-c74a-4321-8a8d-1547386ed8b1;2026-07-20T15:15:00Z;722d9d44-1942-47a9-8173-763f48489098;a0f9dfc0-b6d4-4001-8880-c12c01b44f24;988;VALIDER
32926775-886d-4a36-8b46-c2e7f33aee20;2026-07-20T17:46:00Z;7e937fa6-fb24-4a47-88f5-20ed24a80d0e;a0f9dfc0-b6d4-4001-8880-c12c01b44f24;908;VALIDER
e7e42ce6-057e-4821-8be5-feac27bf05c7;2026-07-20T19:25:00Z;ecbd4a71-e581-4211-8924-b464e40a85d9;f9c4933b-3c5b-438b-89ba-78c036444f5a;383;VALIDER
8e217670-d88d-44ac-875f-7fcddea7f431;2026-07-21T11:29:00Z;526f0ed0-5e40-417d-8373-52c122dff0d1;a0f9dfc0-b6d4-4001-8880-c12c01b44f24;884;VALIDER
cc0927c3-fd57-431a-82c8-50ff702ec08f;2026-07-21T13:37:00Z;dbb36840-1f39-456e-8b44-be5c01126db0;a0f9dfc0-b6d4-4001-8880-c12c01b44f24;926;VALIDER
f576891e-cc4b-4f36-8e26-dc96e3e9380c;2026-07-21T14:43:00Z;d5ca01de-46f7-40ec-8ece-9a6e08c4c0f1;78f70c80-7c44-4034-8d10-e9e8013b4a78;530;VALIDER
4d3b0898-f6c3-49a2-85df-f95f77ec98d3;2026-07-21T15:52:00Z;897b13d6-22f6-4809-8a8f-b999f6a70672;bc3b1f92-e73a-4294-8733-ee64860cdfd4;717;VALIDER
4cf31a66-7e90-4c71-84dc-5b536360361f;2026-07-21T16:12:00Z;f064dbd1-1621-4e18-89d8-2d9b9e636b35;a0f9dfc0-b6d4-4001-8880-c12c01b44f24;338;VALIDER
206c4bb6-ed0c-47e3-82a9-b469237b632a;2026-07-21T16:15:00Z;d84aafc8-bbdd-4a10-8587-87b8ac5776e3;a0f9dfc0-b6d4-4001-8880-c12c01b44f24;470;VALIDER
fb20c4ba-db40-47d9-88d3-8644b48a944e;2026-07-21T16:22:00Z;b4025d1a-d63b-4b16-8b56-9626ffba8ef5;3fb0ec1e-db84-4c11-8eb0-10e6a57bc822;755;VALIDER
3ef88a83-f611-4f1a-8cfd-b7e06eca801f;2026-07-21T18:32:00Z;12d3060d-404f-4f55-8296-33f387320443;bc3b1f92-e73a-4294-8733-ee64860cdfd4;393;VALIDER
53b3915e-18d6-435b-8f83-2c9d49588830;2026-07-21T19:02:00Z;7b247f5a-cbb2-4c3f-8af3-34f6c651c412;bc3b1f92-e73a-4294-8733-ee64860cdfd4;511;VALIDER
b7a66101-3633-408f-8f81-2403404494f8;2026-07-21T19:21:00Z;92084959-5c07-4059-8e65-889505b06101;78f70c80-7c44-4034-8d10-e9e8013b4a78;306;VALIDER
0a3fa8eb-469f-4715-8672-39f61078b82d;2026-07-31T10:08:00Z;7b882ac9-cc94-49d6-8c89-eb4966115827;9f185016-9b0f-42fb-8799-0e1a56292160;672;VALIDER
ae89718e-f124-465f-8262-91d294e435cf;2026-07-31T12:07:00Z;2976b73b-752c-4e5f-8c0a-26d08cc05680;bc3b1f92-e73a-4294-8733-ee64860cdfd4;955;VALIDER
e6ff86b9-ae4d-417f-83ba-d10b3d0c1441;2026-07-31T12:39:00Z;12d3060d-404f-4f55-8296-33f387320443;78f70c80-7c44-4034-8d10-e9e8013b4a78;398;VALIDER
d1d8e659-879a-4eea-83c9-0c4cd13abbdc;2026-07-31T15:13:00Z;31daca25-0199-4d32-8422-31b2b8478a18;78f70c80-7c44-4034-8d10-e9e8013b4a78;914;VALIDER
207533cb-6d9c-42e7-8a41-cdb12c309ed0;2026-07-31T15:57:00Z;b4025d1a-d63b-4b16-8b56-9626ffba8ef5;bc3b1f92-e73a-4294-8733-ee64860cdfd4;10166;REFUSER
b8f218b1-2621-4ebf-8b77-cc79e837b282;2026-07-31T16:52:00Z;526f0ed0-5e40-417d-8373-52c122dff0d1;9f185016-9b0f-42fb-8799-0e1a56292160;5716;REFUSER
f0bd003a-45cc-4d7b-82ba-9a23c53f1106;2026-07-31T17:21:00Z;897b13d6-22f6-4809-8a8f-b999f6a70672;a0f9dfc0-b6d4-4001-8880-c12c01b44f24;624;VALIDER
062b823c-7ffa-436b-8266-d5bd93a3d06f;2026-07-31T18:14:00Z;15f46dae-450a-4bb3-8f79-e28d68e1d793;9f185016-9b0f-42fb-8799-0e1a56292160;7398;REFUSER
09af0595-6b40-45e3-8dc9-fa4b01b6698e;2026-08-01T12:14:00Z;b2554ca6-f463-4143-8ab5-35955954d5bf;78f70c80-7c44-4034-8d10-e9e8013b4a78;444;VALIDER
6bf004d6-23cc-453f-8be8-e4d518e2754c;2026-08-01T12:38:00Z;18de6742-abd0-47e2-8642-ade64963acac;bc3b1f92-e73a-4294-8733-ee64860cdfd4;465;VALIDER
2d8169ce-f213-4925-8d45-f58ac1843578;2026-08-01T17:05:00Z;22d249e1-d4c5-462f-8815-8423f0198488;3fb0ec1e-db84-4c11-8eb0-10e6a57bc822;1122;VALIDER
031935a6-751a-47b1-8235-af7f80ad04db;2026-08-02T10:55:00Z;c897ca07-7f46-4405-88a0-00336b919d3c;bc3b1f92-e73a-4294-8733-ee64860cdfd4;980;VALIDER
57c69108-f6b0-4046-8ef5-303bf02c49e6;2026-08-02T12:07:00Z;54a3044b-fb62-42ce-80b9-06f8f57f5151;a0f9dfc0-b6d4-4001-8880-c12c01b44f24;1076;VALIDER
5bacef08-9c23-47b0-8df0-3eb468b62cac;2026-08-02T15:10:00Z;ec98de3f-8f87-4e1e-8b74-e1dccf94d250;78f70c80-7c44-4034-8d10-e9e8013b4a78;1155;VALIDER
0ce2f635-9d92-4fba-8f4a-24e4890f754f;2026-08-02T16:43:00Z;c332d766-9dd7-4662-8a6c-ca5ee2359a2b;9f185016-9b0f-42fb-8799-0e1a56292160;980;VALIDER
37f6b7c5-6c7b-479f-8de7-2750b15afbb3;2026-08-03T09:13:00Z;f9afc139-427d-4387-8138-30f3ba2fba4c;a0f9dfc0-b6d4-4001-8880-c12c01b44f24;894;VALIDER
15389259-bf31-4968-8a58-ccab3a43e2cf;2026-08-03T10:28:00Z;2ccac550-1fba-4662-832b-48cd4b8d054d;78f70c80-7c44-4034-8d10-e9e8013b4a78;413;VALIDER
a57ecd9f-54e9-41cc-8ae3-f531c676d78b;2026-08-03T12:22:00Z;9c1d359a-0166-4c88-8efc-b09649d5a9e2;9f185016-9b0f-42fb-8799-0e1a56292160;773;VALIDER
b794331c-8281-4198-813f-e007a15d0dd8;2026-08-03T12:25:00Z;7e937fa6-fb24-4a47-88f5-20ed24a80d0e;f9c4933b-3c5b-438b-89ba-78c036444f5a;869;VALIDER
5cfe4395-23e5-4329-8304-92623e9f5323;2026-08-03T13:15:00Z;ecbd4a71-e581-4211-8924-b464e40a85d9;a0f9dfc0-b6d4-4001-8880-c12c01b44f24;1147;VALIDER
63b51f01-0396-4a24-8eb7-827f6502772d;2026-08-03T14:11:00Z;bc2e03ba-503a-4dc5-88c5-511d55d7872b;f9c4933b-3c5b-438b-89ba-78c036444f5a;591;VALIDER
372b1f00-8d73-4004-8e1f-9e49a2ccecf3;2026-08-03T15:42:00Z;722d9d44-1942-47a9-8173-763f48489098;9f185016-9b0f-42fb-8799-0e1a56292160;1154;VALIDER
df723771-fbae-487e-8be7-f872b5ab8c70;2026-08-03T16:21:00Z;fbec9532-ea07-4e23-8424-9d2dc6b864b4;9f185016-9b0f-42fb-8799-0e1a56292160;991;VALIDER
ccc2087a-85b6-4171-83cf-ebbe76f63ab9;2026-08-03T16:33:00Z;1d44999f-b309-4596-8ece-677d7c8b6913;9f185016-9b0f-42fb-8799-0e1a56292160;1046;VALIDER
7c806fd4-09d0-4832-8a57-a24ae067cd7f;2026-08-03T17:00:00Z;852d8903-b0ce-4f80-85f4-e17cf956c5ee;f9c4933b-3c5b-438b-89ba-78c036444f5a;997;VALIDER
950b7a71-f3ef-47ee-848e-0e539475c5f6;2026-08-04T09:44:00Z;d84aafc8-bbdd-4a10-8587-87b8ac5776e3;a0f9dfc0-b6d4-4001-8880-c12c01b44f24;903;VALIDER
623bf4b7-dc47-469c-801f-7c884ee3ec17;2026-08-04T12:04:00Z;f696d408-0e2f-44c9-87ae-d27e165093dd;f9c4933b-3c5b-438b-89ba-78c036444f5a;1076;VALIDER
438a04dd-0619-453e-88ad-023f00094f89;2026-08-04T16:19:00Z;8204e2b1-7f34-4709-8b91-112b706bf53b;78f70c80-7c44-4034-8d10-e9e8013b4a78;849;VALIDER
2e782647-3846-43b4-8e26-f86abd588bfa;2026-08-04T16:38:00Z;dbb36840-1f39-456e-8b44-be5c01126db0;a0f9dfc0-b6d4-4001-8880-c12c01b44f24;1157;VALIDER
35764262-af71-4f65-8311-1ef918ecc502;2026-08-04T16:45:00Z;07146336-5ce8-46eb-8580-f9b9b4f7d492;a0f9dfc0-b6d4-4001-8880-c12c01b44f24;314;VALIDER
845cbea2-b450-4e47-8376-2957779421ae;2026-08-04T17:57:00Z;a875cc55-7519-4b97-81c3-c44676e7b80a;9f185016-9b0f-42fb-8799-0e1a56292160;488;VALIDER
fd7ede66-81e3-4f42-8c3e-e76d707aa4dd;2026-08-05T09:33:00Z;0b7e2721-4f2a-49d0-8b89-6bd8f4cea7e1;9f185016-9b0f-42fb-8799-0e1a56292160;732;VALIDER
bb887f3c-7944-4438-8e86-7283a463d8b1;2026-08-05T09:41:00Z;92084959-5c07-4059-8e65-889505b06101;bc3b1f92-e73a-4294-8733-ee64860cdfd4;462;VALIDER
a2ddf459-dd66-420e-8bbf-1216fa253eec;2026-08-05T10:18:00Z;fe5dcc86-1d77-43aa-8d4f-f989b5b55f96;a0f9dfc0-b6d4-4001-8880-c12c01b44f24;1047;VALIDER
3d28a44d-86c5-4c25-8b76-b85655c08893;2026-08-05T14:44:00Z;40cd92fc-9175-45fa-87fd-59d924255711;a0f9dfc0-b6d4-4001-8880-c12c01b44f24;407;VALIDER
60d464c8-02f4-43db-8fa4-72639d37b084;2026-08-05T15:48:00Z;75994ca6-3e71-48bc-8c65-bbfae8f0f33e;9f185016-9b0f-42fb-8799-0e1a56292160;1053;VALIDER
bcffac2c-2d22-49f4-8591-1bf80db9704e;2026-08-05T15:59:00Z;d5ca01de-46f7-40ec-8ece-9a6e08c4c0f1;3fb0ec1e-db84-4c11-8eb0-10e6a57bc822;637;VALIDER
4eaaf118-d0a9-42ec-8cef-13e265db7e50;2026-08-05T17:32:00Z;eeb9ee02-56af-4c42-8a19-359c6a77fc0e;78f70c80-7c44-4034-8d10-e9e8013b4a78;949;VALIDER
534aaaf6-28d5-4407-8cf4-ce60683b443b;2026-08-05T18:02:00Z;62e04693-6aa0-4b72-822a-7ca5cdb16a4f;f9c4933b-3c5b-438b-89ba-78c036444f5a;1032;VALIDER
768dc1b6-6f06-42a3-8e19-ff0b2d4d0ad3;2026-08-05T18:21:00Z;967608a8-9a2b-41c2-8bae-74155e171d00;3fb0ec1e-db84-4c11-8eb0-10e6a57bc822;316;VALIDER
8f78d47a-b9be-454a-8c4e-1ff7c436ce15;2026-08-05T18:58:00Z;ee91dddb-2219-4f9b-8689-f382acadddda;f9c4933b-3c5b-438b-89ba-78c036444f5a;1182;VALIDER
5ba5e46b-1bd4-42e0-850f-118c263b978f;2026-08-05T19:05:00Z;25aab829-38ad-420f-88f0-d2d5f0f0aa2a;3fb0ec1e-db84-4c11-8eb0-10e6a57bc822;466;VALIDER
196e3981-3a65-48a3-88dd-5c0569e959b6;2026-08-06T09:12:00Z;6ef70d1c-6f93-4b56-8600-f044dd96b61d;78f70c80-7c44-4034-8d10-e9e8013b4a78;772;VALIDER
2c455f83-eaf3-45ce-802f-dacf64ce2eaf;2026-08-06T09:18:00Z;f2aeb7f0-4041-4ecc-84f6-be9aa0d833ba;78f70c80-7c44-4034-8d10-e9e8013b4a78;7335;REFUSER
a6c73959-00ce-4f4d-832f-0f987c39d8d4;2026-08-06T10:49:00Z;238f61c8-a132-4665-8c95-a861fb983a9e;a0f9dfc0-b6d4-4001-8880-c12c01b44f24;924;VALIDER
bbab0c0e-3421-4e3f-8ba6-38b9effdb46a;2026-08-06T11:48:00Z;6dbab537-e9e8-4564-805e-1f30c24d581c;f9c4933b-3c5b-438b-89ba-78c036444f5a;714;VALIDER
3583a06f-3a3b-4d19-8055-9be60b15e0a8;2026-08-06T13:48:00Z;743619b4-3b44-4245-82c4-5b122f98f45e;a0f9dfc0-b6d4-4001-8880-c12c01b44f24;6981;REFUSER
10b4b81f-ff80-4e06-8ce5-9e86a80db6c0;2026-08-06T14:27:00Z;f064dbd1-1621-4e18-89d8-2d9b9e636b35;f9c4933b-3c5b-438b-89ba-78c036444f5a;516;VALIDER
12cd1d51-3e93-479e-826a-9e6ce2be84ac;2026-08-06T19:28:00Z;151be322-2670-4624-8044-596f87a9c626;f9c4933b-3c5b-438b-89ba-78c036444f5a;1032;VALIDER
6cdd3c9b-c10e-4af3-8f7e-4e5970b8bd82;2026-08-06T19:54:00Z;7b247f5a-cbb2-4c3f-8af3-34f6c651c412;a0f9dfc0-b6d4-4001-8880-c12c01b44f24;461;VALIDER
2e6b178a-eab6-4c21-817b-beff7def3d10;2026-08-14T10:07:00Z;852d8903-b0ce-4f80-85f4-e17cf956c5ee;78f70c80-7c44-4034-8d10-e9e8013b4a78;7191;VALIDER
84e64f7f-6794-4d8f-8726-8738e92bbfc4;2026-08-14T10:51:00Z;2976b73b-752c-4e5f-8c0a-26d08cc05680;3fb0ec1e-db84-4c11-8eb0-10e6a57bc822;755;VALIDER
a868ac50-76ef-4320-8cc4-45bfb1fb6d9c;2026-08-14T11:55:00Z;7b247f5a-cbb2-4c3f-8af3-34f6c651c412;3fb0ec1e-db84-4c11-8eb0-10e6a57bc822;892;VALIDER
9201ba2a-c499-4d2f-8d0e-92b3f7ad4c1d;2026-08-14T13:08:00Z;6ef70d1c-6f93-4b56-8600-f044dd96b61d;bc3b1f92-e73a-4294-8733-ee64860cdfd4;1002;VALIDER
3876f8d5-ea9c-430d-83c1-ae2ab10835d7;2026-08-14T13:22:00Z;18de6742-abd0-47e2-8642-ade64963acac;a0f9dfc0-b6d4-4001-8880-c12c01b44f24;1105;VALIDER
a4019def-8350-4819-858b-68c6d5541f45;2026-08-14T13:58:00Z;31daca25-0199-4d32-8422-31b2b8478a18;bc3b1f92-e73a-4294-8733-ee64860cdfd4;590;VALIDER
5aa95386-7f55-48b9-8bc4-1428b2382550;2026-08-14T14:42:00Z;897b13d6-22f6-4809-8a8f-b999f6a70672;bc3b1f92-e73a-4294-8733-ee64860cdfd4;413;VALIDER
596d4ea6-7946-42f1-8548-f90603f8b900;2026-08-14T15:28:00Z;238f61c8-a132-4665-8c95-a861fb983a9e;a0f9dfc0-b6d4-4001-8880-c12c01b44f24;5964;VALIDER
5061de78-5ae2-473c-854a-d892eb7c13bd;2026-08-14T17:05:00Z;ec98de3f-8f87-4e1e-8b74-e1dccf94d250;3fb0ec1e-db84-4c11-8eb0-10e6a57bc822;7045;VALIDER
e34bb137-3aef-4a5f-82ab-62b20f75ae6e;2026-08-14T17:06:00Z;7b882ac9-cc94-49d6-8c89-eb4966115827;3fb0ec1e-db84-4c11-8eb0-10e6a57bc822;734;VALIDER
0d5c8417-bcc9-4a92-8701-ca90eef1ae17;2026-08-14T17:29:00Z;22d249e1-d4c5-462f-8815-8423f0198488;3fb0ec1e-db84-4c11-8eb0-10e6a57bc822;512;VALIDER
b92e834a-f539-4836-8b69-f9223b09b828;2026-08-14T17:47:00Z;8204e2b1-7f34-4709-8b91-112b706bf53b;bc3b1f92-e73a-4294-8733-ee64860cdfd4;650;VALIDER
0bf637bb-dff9-480b-8c65-c011453459b4;2026-08-14T19:42:00Z;dbb36840-1f39-456e-8b44-be5c01126db0;9f185016-9b0f-42fb-8799-0e1a56292160;941;VALIDER
394b9727-e62e-4c10-851e-80fcd903068a;2026-08-14T19:42:00Z;d84aafc8-bbdd-4a10-8587-87b8ac5776e3;a0f9dfc0-b6d4-4001-8880-c12c01b44f24;479;VALIDER
ac754945-d46a-4a44-8339-7f927279eb96;2026-08-15T12:03:00Z;9c1d359a-0166-4c88-8efc-b09649d5a9e2;a0f9dfc0-b6d4-4001-8880-c12c01b44f24;4436;VALIDER
6b90c737-756a-4bf5-84ed-44662e088435;2026-08-16T09:15:00Z;f9afc139-427d-4387-8138-30f3ba2fba4c;bc3b1f92-e73a-4294-8733-ee64860cdfd4;504;VALIDER
23e66532-5fec-465e-8a8e-98d930b03f22;2026-08-16T09:33:00Z;c897ca07-7f46-4405-88a0-00336b919d3c;a0f9dfc0-b6d4-4001-8880-c12c01b44f24;814;VALIDER
61a99b7d-fef7-48c0-82dd-90946195c193;2026-08-16T09:53:00Z;fbec9532-ea07-4e23-8424-9d2dc6b864b4;bc3b1f92-e73a-4294-8733-ee64860cdfd4;1102;VALIDER
8a6127ca-6ff3-4057-8ec4-e9647027d037;2026-08-16T18:23:00Z;f2aeb7f0-4041-4ecc-84f6-be9aa0d833ba;3fb0ec1e-db84-4c11-8eb0-10e6a57bc822;1062;VALIDER
14baea54-eea2-4309-86ea-0bcefe9d1e30;2026-08-17T09:52:00Z;967608a8-9a2b-41c2-8bae-74155e171d00;9f185016-9b0f-42fb-8799-0e1a56292160;902;VALIDER
0a148543-c2e3-4982-8455-134d9e120702;2026-08-17T10:00:00Z;f064dbd1-1621-4e18-89d8-2d9b9e636b35;3fb0ec1e-db84-4c11-8eb0-10e6a57bc822;418;VALIDER
3537fe73-c72e-449a-85f3-f7db1fa62797;2026-08-17T10:24:00Z;40cd92fc-9175-45fa-87fd-59d924255711;a0f9dfc0-b6d4-4001-8880-c12c01b44f24;512;VALIDER
3355be4b-06a2-433c-867d-1100ce77fe04;2026-08-17T10:28:00Z;ee91dddb-2219-4f9b-8689-f382acadddda;a0f9dfc0-b6d4-4001-8880-c12c01b44f24;651;VALIDER
1ef769ce-7672-4c02-856d-b63d01156b3b;2026-08-17T12:09:00Z;f696d408-0e2f-44c9-87ae-d27e165093dd;a0f9dfc0-b6d4-4001-8880-c12c01b44f24;590;VALIDER
3ec672bf-4343-4c78-81f1-e0b33165eded;2026-08-17T12:22:00Z;75994ca6-3e71-48bc-8c65-bbfae8f0f33e;bc3b1f92-e73a-4294-8733-ee64860cdfd4;592;VALIDER
af61aed3-cbb6-4d04-8b47-9b509f573507;2026-08-17T17:19:00Z;6dbab537-e9e8-4564-805e-1f30c24d581c;a0f9dfc0-b6d4-4001-8880-c12c01b44f24;1134;VALIDER
08aca6ff-91d4-41c5-8f21-ef49385dd136;2026-08-17T19:07:00Z;54a3044b-fb62-42ce-80b9-06f8f57f5151;78f70c80-7c44-4034-8d10-e9e8013b4a78;955;VALIDER
0470220e-ed95-484c-8ff9-0605be69f92b;2026-08-18T13:26:00Z;2ccac550-1fba-4662-832b-48cd4b8d054d;bc3b1f92-e73a-4294-8733-ee64860cdfd4;635;VALIDER
54f37726-b8e7-4793-8402-d42fb5695037;2026-08-18T14:28:00Z;15f46dae-450a-4bb3-8f79-e28d68e1d793;78f70c80-7c44-4034-8d10-e9e8013b4a78;944;VALIDER
bfd82a95-4f7a-45a4-8ac0-6d2ce53ad987;2026-08-18T16:49:00Z;bc2e03ba-503a-4dc5-88c5-511d55d7872b;bc3b1f92-e73a-4294-8733-ee64860cdfd4;895;VALIDER
0007fbc6-daf1-45c9-8207-469039221143;2026-08-18T17:46:00Z;151be322-2670-4624-8044-596f87a9c626;3fb0ec1e-db84-4c11-8eb0-10e6a57bc822;422;VALIDER
3df92317-609d-4408-8fe1-cb5a492df164;2026-08-18T18:09:00Z;d5ca01de-46f7-40ec-8ece-9a6e08c4c0f1;a0f9dfc0-b6d4-4001-8880-c12c01b44f24;720;VALIDER
45e84f61-cf95-42e1-888d-99be020fdbff;2026-08-18T18:09:00Z;526f0ed0-5e40-417d-8373-52c122dff0d1;bc3b1f92-e73a-4294-8733-ee64860cdfd4;909;VALIDER
c8295cd7-dbca-4726-8caf-592830291bda;2026-08-18T18:11:00Z;ecbd4a71-e581-4211-8924-b464e40a85d9;f9c4933b-3c5b-438b-89ba-78c036444f5a;8675;VALIDER
f884a83f-5f8a-4962-889d-ecba6dad5882;2026-08-19T09:54:00Z;7e937fa6-fb24-4a47-88f5-20ed24a80d0e;bc3b1f92-e73a-4294-8733-ee64860cdfd4;888;VALIDER
f84df2d7-dccb-44f2-8d3a-b5830674d948;2026-08-19T10:01:00Z;743619b4-3b44-4245-82c4-5b122f98f45e;bc3b1f92-e73a-4294-8733-ee64860cdfd4;460;VALIDER
804a6ff8-daa3-41ee-8cda-e21ef0b4024e;2026-08-19T12:30:00Z;eeb9ee02-56af-4c42-8a19-359c6a77fc0e;bc3b1f92-e73a-4294-8733-ee64860cdfd4;1168;VALIDER
7f083d73-d8b5-4d0c-8c1c-f22398ef189e;2026-08-19T12:57:00Z;1d44999f-b309-4596-8ece-677d7c8b6913;3fb0ec1e-db84-4c11-8eb0-10e6a57bc822;476;VALIDER
10009c22-df3e-4afe-8940-3dbf8ed16032;2026-08-19T13:55:00Z;fe5dcc86-1d77-43aa-8d4f-f989b5b55f96;a0f9dfc0-b6d4-4001-8880-c12c01b44f24;762;VALIDER
086dbd06-0e95-4e47-80a4-56679aa567ab;2026-08-19T14:58:00Z;c332d766-9dd7-4662-8a6c-ca5ee2359a2b;3fb0ec1e-db84-4c11-8eb0-10e6a57bc822;310;VALIDER
5ce0a7f4-0364-47ec-8b35-5f5b31fb0744;2026-08-19T15:48:00Z;0b7e2721-4f2a-49d0-8b89-6bd8f4cea7e1;a0f9dfc0-b6d4-4001-8880-c12c01b44f24;496;VALIDER
dde3aa4a-fa38-4dc5-8c4a-99012ba35eca;2026-08-19T18:26:00Z;b4025d1a-d63b-4b16-8b56-9626ffba8ef5;f9c4933b-3c5b-438b-89ba-78c036444f5a;617;VALIDER
aa8a0fac-1916-4fc9-86f0-fac2d91199cd;2026-08-19T18:53:00Z;92084959-5c07-4059-8e65-889505b06101;bc3b1f92-e73a-4294-8733-ee64860cdfd4;1158;VALIDER
becaf6ac-0cbd-4d40-81e7-423ce9547b8f;2026-08-19T18:58:00Z;a875cc55-7519-4b97-81c3-c44676e7b80a;bc3b1f92-e73a-4294-8733-ee64860cdfd4;683;VALIDER
5f025752-f0ae-462f-8c21-b54ce514b629;2026-08-19T19:01:00Z;12d3060d-404f-4f55-8296-33f387320443;78f70c80-7c44-4034-8d10-e9e8013b4a78;660;VALIDER
08c5e8bd-2b2e-457f-8791-2fbd33127934;2026-08-19T19:50:00Z;62e04693-6aa0-4b72-822a-7ca5cdb16a4f;9f185016-9b0f-42fb-8799-0e1a56292160;545;VALIDER
f8189ef6-c85f-4de1-8941-31283a4c2421;2026-08-20T13:53:00Z;722d9d44-1942-47a9-8173-763f48489098;9f185016-9b0f-42fb-8799-0e1a56292160;760;VALIDER
c4bcdbd8-b23d-460a-8cd6-2563b948fb11;2026-08-20T14:55:00Z;b2554ca6-f463-4143-8ab5-35955954d5bf;f9c4933b-3c5b-438b-89ba-78c036444f5a;519;VALIDER
e6584a19-ae09-499a-8744-4586d77c6b44;2026-08-20T16:06:00Z;25aab829-38ad-420f-88f0-d2d5f0f0aa2a;78f70c80-7c44-4034-8d10-e9e8013b4a78;1179;VALIDER
0a7a115d-5190-49de-8410-ce473a59325f;2026-08-20T16:48:00Z;07146336-5ce8-46eb-8580-f9b9b4f7d492;f9c4933b-3c5b-438b-89ba-78c036444f5a;694;VALIDER
